centroid_lat,centroid_lng,avg_spd_kmh,avg_azm
51.07617594457219,71.42009271,48.26701295232477,11.700986377979264
51.07615965173903,71.41989243,48.59737322384462,192.29309870110592
51.07677425922047,71.42030934343545,36.77402472391542,12.154744836680573
51.076745925082975,71.42010405148925,52.65420193,192.52311416111107
51.077260751184085,71.42044924468995,20.739164981483242,9.628827201527887
51.07744684760906,71.42035420315817,41.966188242624455,192.3228910003791
51.07747654129303,71.420591,28.36428285,10.698523841145745
51.07787175476177,71.42046475911707,32.01774709782568,192.5801342890056
51.07809108163437,71.42078651464952,36.36923686779166,11.496559625761725
51.078118698591894,71.42063523656499,39.42749764178911,192.4056208974552
51.07834226,71.42759451326074,44.76872907763825,102.87669868048918
51.07832469,71.42849677478792,54.10406569924294,102.9264685862811
51.07881297423775,71.42104387182222,23.38396150212261,10.293825713310618
51.07879029,71.42081507846892,46.39454773984802,194.45624393613724
51.079042239013035,71.42336729300257,48.51353237095337,102.08208016107606
51.07891232349552,71.42428475477779,49.870716809885906,103.88888952101262
51.07905312633112,71.42456603108862,52.88168334851141,282.3202568249994
51.07876952642046,71.42532694204546,1.9239110002869209,0.8122907533160859
51.07875475808566,71.42536785184089,36.64371314235703,102.38150269823976
51.07896918426414,71.42537091,48.78519165923367,282.3355823250177
51.07861914246141,71.42638170677405,46.917764672264525,102.36966743202188
51.07882992383141,71.42642673635724,37.830163603413475,282.59078554279887
51.07851173035714,71.42743971,56.94502169850703,102.15091883710164
51.07867963406165,71.42748304908447,51.03553943886694,282.7839259749311
51.07853011795764,71.42854474,52.99667226277176,282.6917632963848
51.07968887616468,71.41904507616468,40.659043855741466,102.44506225775982
51.07955569942832,71.42005704,24.320507631737527,102.50521237987759
51.079714537811064,71.42014952098252,46.26333590739783,281.24542118936546
51.079416414336194,71.42107662712372,17.180516232599746,7.476590748
51.07940160589005,71.42122360599477,18.692140844225282,45.089433583433255
51.079425077460314,71.42109326476191,14.90744771,75.23136075257194
51.07943991873055,71.42089720298694,22.785643621020167,102.65504558492313
51.07943718052609,71.42105857,39.90238041780023,192.86395157922516
51.079607135135134,71.42093763885136,22.730356023124106,255.7386194304783
51.079568998899816,71.42109165311759,30.728468900368707,283.13171541284777
51.079544094392524,71.42114430420561,23.03233298972189,314.34550359401567
51.07948322310606,71.42117586628788,23.08939126759113,347.04484193211135
51.07923369892578,71.42214506976562,43.70645404225243,101.70406887878407
51.079440420921294,71.42206544,23.143389678865866,282.8040986104731
51.07914271352884,71.42298313794272,52.69717663262897,101.78339688545935
51.07928866,71.42316449196859,45.00512380240083,282.7263743
51.07916170413457,71.42414783549391,51.607875365657904,282.7047029089711
51.08032591163793,71.41461983649425,61.07218535114104,102.53781884327404
51.080176508149165,71.41568726588397,59.74571536319018,102.53273376549275
51.08034876391315,71.41571490565585,60.99918146933344,282.61700220016616
51.08002359,71.41676535945946,59.568644814038834,102.62091888372014
51.08020189,71.41676553806262,60.45512500957676,282.48263270683515
51.079871418479684,71.41783376605505,56.12013537,102.78831648995168
51.080049371809324,71.41784507765712,59.176805266655336,282.4820622817915
51.07990314334206,71.41891154224083,54.464941969314715,282.3039045243552
51.079807234574815,71.41971463705113,48.10563298770226,281.65306912357454
51.080051418324935,71.42144803548989,35.93718435649937,10.165267690121425
51.08009910610896,71.42129033351497,32.98606375,193.58179987546444
51.07988052089552,71.42105325771145,29.06928499679507,222.98564882461045
51.08034101515925,71.42163234024234,39.80127606585415,11.495305061914344
51.08099371824335,71.3996341,42.03001752888744,12.527581541922919
51.08101844018965,71.39956681674302,56.718828462439404,192.59975034141544
51.081061289125806,71.40939965245202,61.941978651570075,102.51077950253874
51.080940650566575,71.41032992818697,62.18591897049678,102.47747286271404
51.081069452390054,71.41053825736137,62.64982344973387,282.3500610634978
51.08078896189781,71.41139454963503,61.839717484118026,102.53758549245674
51.08096184839445,71.41140654290112,60.91247523425234,282.3677552306757
51.080637463636364,71.41246796737968,60.76061792844925,102.65608226318274
51.08081497039465,71.41247548745015,58.84841980008029,281.96686996631433
51.080507981128406,71.41342977490272,58.70583438212528,102.68188308307846
51.08066480605509,71.41355064708746,58.403892560210615,282.93625115217674
51.08052542478862,71.41455603086459,58.43695935324338,282.8323636858688
51.08069719759262,71.42149687988636,44.47624613761248,192.99866084253148
51.08079304899776,71.42174739830078,45.74210161356742,12.046148490721333
51.08095872923976,71.42164933633848,46.69474593012209,192.35744716062803
51.08146423351648,71.39981194,37.86488335085603,13.780549509568838
51.081458906912495,71.39971523853232,53.081343547315605,192.18154999699553
51.081692464195875,71.40500889339175,50.731223833607864,102.4293537140201
51.081553610294115,71.40601688137255,52.736656984629434,102.4737065
51.08170988229772,71.40609355486656,54.731320946259615,282.5454797653704
51.081400200550206,71.40709345543328,58.66557747988535,102.43317911123914
51.081578294868535,71.40709657,55.23858093428692,283.0638337436082
51.081247659837175,71.40817172225238,61.12758754963574,102.42173362292006
51.081421993778555,71.40816823704634,58.55165795,282.45216144942947
51.08115640742358,71.40896699213974,62.10972814265862,102.37474545689433
51.08126811550855,71.40925146232104,61.00645494931416,282.49460985485837
51.08116145287394,71.41010252375631,60.47596171285678,282.4405835296276
51.08136155278396,71.41357556369711,14.90090383329243,5.578370067622023
51.08146309624895,71.42197572,42.96414413,11.415062100488075
51.081451842327105,71.42178602149882,48.38108939107473,192.21323232596635
51.082064342191316,71.40002479040012,21.95554118456987,11.034468746580407
51.082384292335114,71.39977248,24.75553941133107,103.25164133773862
51.08212659368151,71.39994485208268,43.16694458005826,193.2591432812956
51.082338773119105,71.40050185092628,14.802213760997079,7.0824634271108335
51.082303773477406,71.40072232966601,38.20829386606545,101.82805705522391
51.08241802145725,71.40088939,17.548325029376446,282.07763804679223
51.08231552603174,71.40176335571428,2.2489310047151867,0.651558001
51.08216209331337,71.40174549171657,50.24256749622308,102.34324187568934
51.082332944228604,71.40168666896976,32.46352265732947,282.1290081429536
51.08200818603896,71.40282571807359,55.685562992284176,102.59366776072837
51.082180990207505,71.40279818,51.220722496760224,282.2723022878486
51.08186895299363,71.40384166929937,55.98265207128145,102.25556789868037
51.08203404141338,71.40388847553808,55.01329747404405,282.5071325489879
51.08189152521948,71.40492407117719,52.71428698,281.96264920271597
51.08226450485074,71.40601027400498,9.935259645697753,4.535993908248045
51.08213784205788,71.40580312,25.012140030825933,195.54491590114995
51.08214556077845,71.41385347,18.75311335104772,8.162754104438896
51.082149624164316,71.42221305,38.91704905143241,11.967829784362808
51.08212792781276,71.42202852162484,50.53588770469453,192.61573747427508
51.08213443392071,71.43169398986784,16.873360874313054,102.57580278909761
51.08215848443396,71.43172618726415,21.662361868335474,283.39881965785816
51.082726917073174,71.39779260894309,41.323150008312695,102.39529653279486
51.08292765085228,71.39769709005681,41.51054478,282.4377526271454
51.08261385265958,71.39854903776596,38.77746269504813,102.51901879060368
51.08280975238249,71.39851672913518,44.12511795743462,282.81221991649215
51.08251247914333,71.39944987668864,23.354797696396453,102.24166824947105
51.082604096399116,71.40006131564057,36.89558359731283,192.99547755451164
51.08265521719581,71.39959915954556,42.07456414711507,282.72914996463567
51.08276347734982,71.40037996360056,31.35733442983485,8.629610857894113
51.08288014386669,71.40023830595489,26.50908123119611,192.48519188319216
51.08251911021352,71.40033504003559,14.380751443165751,257.4484425614224
51.082523063315584,71.40058364130797,21.956396503876835,282.01000901923953
51.08278466823177,71.40618485084914,8.115761797767808,3.0006017568093477
51.08279474951049,71.40608847,32.27403764618537,193.77317719041636
51.08291670561225,71.41398954608844,8.136750596106928,3.367145084133338
51.082833692469954,71.42246592540958,21.237953115846977,10.144536376858245
51.082814956011404,71.42228062998802,46.082978169263825,192.50956237197957
51.083470428794236,71.40057106652883,50.73266947779184,12.117387687453801
51.08344081638736,71.40042524279572,42.64544008829352,192.67037698041668
51.08349895373754,71.40641871649501,16.026622550226733,6.4822722457322275
51.08346642907063,71.40633892988848,34.87522756640064,192.50472398955327
51.08351357506561,71.41419635,12.30533244575461,7.474503741164361
51.08375186120229,71.42008315502927,35.598067557674675,102.50311226247548
51.083778977777776,71.42027437555555,48.43679087822754,282.2503171192801
51.083618879090416,71.42111556,29.977007441240648,102.61474468527719
51.08368279381994,71.42107570148342,45.22874488785612,281.47142097263156
51.08342117012343,71.42244964377834,10.76890717146303,5.072325140943206
51.08346423904265,71.42230575,16.668682574909326,76.72841665436073
51.083500276762045,71.42200226025163,19.226250335438813,102.38024410752104
51.083512906858196,71.42250444,29.865443640159356,193.30502687751857
51.083618684675606,71.42235974426937,26.573304981569017,224.88725816519315
51.0835786,71.42212960720721,27.513422736630236,256.1613342456255
51.083551017086386,71.42200423,32.75806490146215,281.9130907687913
51.083555529970106,71.42275739119887,35.50444873691837,12.162402297240675
51.08370405033537,71.42271937,23.65779918699527,192.43420617592497
51.08356601732673,71.42629653762377,6.8184540114672725,7.353203032708618
51.08415189248206,71.40081853455817,55.38971852282481,12.539351710900387
51.08414341492627,71.40068317386785,56.10104840947034,192.59731154832656
51.083937941690145,71.40646631014084,9.637446249908402,3.8001881727068145
51.08418359,71.40671701488671,6.835008272790293,2.666779461859248
51.084138174401005,71.41441118032786,6.819243552779204,5.431585688727195
51.08412926196581,71.41439878076923,15.798535296877935,194.28950742756268
51.08436565271449,71.41574295251758,34.93334811,102.3704874
51.08442786884762,71.41581786594485,48.58670516721209,281.63755601212995
51.08427317630952,71.41664950011905,3.6289145397480063,2.442177286825341
51.08423666076384,71.41667392,26.012212470833067,102.41718127526363
51.084302852212666,71.41678876603339,39.912879282005896,282.3486067076857
51.084070919153035,71.41783006109519,42.71440831489624,102.75411347312662
51.084163859811206,71.41777745001752,36.25455869955058,283.5184030902696
51.08392093619051,71.41890887038225,45.437618481218024,102.26468869473054
51.08399623081834,71.41889987970691,48.35090419045017,282.65604354418184
51.083870428921124,71.41980746300848,47.150761312354064,282.54033939954513
51.08395088427356,71.42260731,28.659087139618393,193.63875352862084
51.084111316500106,71.42291859958057,36.03975335,10.818468953749514
51.08417161437601,71.42277885,31.77733339876315,192.50719654287997
51.08481945550606,71.40105919061796,53.088778522027866,12.686388888664055
51.08482923226079,71.40093119168613,57.95217434023333,192.51976768711523
51.08483913765244,71.40689012,15.325303352364847,8.652530012956365
51.084860205405406,71.40684536816818,26.84028089254794,193.6658430434163
51.085105114485984,71.41053573697819,37.46875670411736,103.16256083516423
51.08498962,71.41141131930482,3.1569650893317602,1.8910840865192178
51.085000587248324,71.41135704,23.857737506672628,102.78098940142415
51.085069223501925,71.41133267522356,40.92843262307962,279.7939203087842
51.08483038,71.41246800449821,39.39074145210848,102.91238118729983
51.08491397716644,71.41247768119374,35.09450977790903,283.84783954940724
51.08467288897959,71.41353209632653,42.541283890836894,102.6410126759328
51.084751522694326,71.41353809641274,47.637004483433394,283.1592095316839
51.08454600356383,71.41450706667554,43.32967214856069,102.72808121257964
51.08460172324269,71.41461295688104,50.11814734356884,282.37667740890384
51.08485554,71.41718731,19.692866796545662,5.802298511919846
51.08476254680851,71.41707491702128,32.73970855287458,193.8225264192365
51.0848168,71.42320048775922,47.842887216824444,11.860917713466959
51.084809053204786,71.42299267575967,45.48976086708169,192.60929274360714
51.08486298013468,71.42674688855219,13.539811609673395,7.229344257479394
51.084818965690374,71.42672590711297,29.535682600088567,191.50097520546745
51.084818459336105,71.43276891244814,2.4035818687650954,2.332159675113076
51.085089900869626,71.43510079626235,53.09591613916446,103.13627556431122
51.084943922396285,71.43612138283432,44.09078599576371,102.75934405110601
51.085045682558146,71.43611798,44.053328427009625,282.7456107937759
51.08539128845544,71.40112410244018,56.25173663062027,192.49616021125655
51.08556191853859,71.40133978569277,35.76284624329424,12.266119434475373
51.085687206783675,71.40126014768747,53.06980054,192.6933004700581
51.08574133275109,71.40612694454148,32.343291304771206,102.51547727926098
51.08578138159881,71.40621290133285,46.04298058,281.97843707529324
51.08540715811965,71.40710616097681,10.56540312889503,8.544624348618852
51.08561325274725,71.40700498021978,27.14205898895097,102.04498605211415
51.08540117540453,71.40704469773463,22.270110660190102,191.88717885263284
51.08565025847979,71.40717385346262,33.87734868538868,282.0467505167933
51.08544542098039,71.40817229764706,40.46047765,102.54118596071278
51.085515949739076,71.40812412463805,36.211500201932715,282.9515187568354
51.08529734192771,71.40926861614457,47.39778645683414,102.14159810271892
51.08535337691837,71.40926532,49.873269927218324,282.33153771277193
51.08530730214592,71.41013314163091,40.55100165705533,102.7264104576538
51.085254510650415,71.41025998686185,45.04918239532291,281.91859274148464
51.08542304672897,71.41155964330218,3.1937726683670915,2.604166252010551
51.08535226211982,71.41183209736796,24.61883049357792,196.26757710494363
51.085501780185616,71.41210728109048,24.248234944688555,7.365303088316454
51.08560010092406,71.41201727923574,29.318157596535094,194.54996250656828
51.085555904513065,71.41747071828979,17.93184962231314,6.057718654910832
51.085509175689275,71.42345577577952,43.18800129576522,12.385530350637536
51.08549722001633,71.42323820106348,49.627269322525784,192.4703466728009
51.08550218979592,71.42706544,9.443081133986354,6.214006782402756
51.085725039598685,71.42968744099097,36.06785143759938,102.4920677024845
51.085636576085875,71.43072541707788,41.595090895645846,101.87148343653737
51.08578078063492,71.43093864222222,48.02940267446741,282.32151666962335
51.08555493,71.43158811125001,22.983006950682952,79.55589609857653
51.08556978177237,71.43188319526804,33.241326517771235,101.27404494886088
51.08570000022903,71.43177486508702,45.32312966105548,280.8069842929176
51.08551218741259,71.43286229,8.659036381203247,4.8745936030632375
51.085457129827056,71.43274793934324,22.536197164038292,102.43063636614576
51.08555627935766,71.43277225070065,40.59175994179154,282.0273701062822
51.08527318230573,71.43390367426791,46.42748502161252,102.55965214439841
51.08538632617924,71.43390311650944,42.38585216440597,282.93639490929843
51.08523884147157,71.43496404,51.48046108180033,282.30534213913586
51.08614102126237,71.40159174,20.390237269599652,9.760355468
51.08629377269231,71.40195318615385,30.18756821243405,105.2840622156132
51.08616384237012,71.40141751659388,46.872847028834656,193.0170801450796
51.08635672359356,71.40198043259592,19.696564265435114,282.6745185351051
51.08627801620553,71.40264165889327,3.241572240317279,1.6664445181167413
51.08620671260684,71.40281587735043,38.82003398,103.37639864442146
51.08627503154959,71.40274869003724,28.81506544799663,282.5521636
51.08604704594017,71.40389410982905,42.02839801654933,103.01987389625343
51.08611423379685,71.40390600274755,43.55625857323689,282.02713356607524
51.08591444482759,71.40490034,42.42848276904593,102.32973233328528
51.08597290824733,71.40495068477053,47.575717262306405,282.58889018208544
51.085868051552694,71.40575830519457,46.91727079604368,282.20804667755635
51.08625317747604,71.40737581086262,16.876066893058976,5.912003588307745
51.08612649974026,71.40721581822511,25.386021019293697,194.5832041322676
51.086137410034986,71.41225768964311,8.388561464767749,3.7662495204864608
51.08615374568144,71.41222312608994,36.81026349101672,192.51456642732768
51.08642477192982,71.41477472697369,35.65273601344706,106.5143040099064
51.086408241350206,71.41585480168776,2.1939170096664595,0.7745961066244978
51.086322401832994,71.41566676069246,37.388827372097325,97.50170120905578
51.08643228933334,71.41553191466666,33.70372766846668,276.7573587179668
51.08635246183953,71.41678043913895,40.647180471898174,81.17549254610701
51.08644350381471,71.41674616239783,42.576473485120985,259.6599482378389
51.08621191003584,71.41767664874551,22.714846764402562,10.483032151366364
51.08643891787234,71.41751754,35.59396582742055,74.32982074774745
51.08614634,71.41755932,30.261203782041633,191.42940624051096
51.086099896136325,71.42364234796202,27.696789326056887,11.192631867360268
51.08617987294535,71.42347596813012,45.43827777199867,192.89017633809993
51.08631042106156,71.42381303809132,26.425087241184485,12.27468026705789
51.086439240110344,71.42545271094255,40.11123957550516,102.6630088437148
51.08625148868864,71.42644007850423,35.56198281163549,105.35547197809822
51.08641320683761,71.42650071692307,46.020778433267004,282.50590938349507
51.08604547738095,71.42757389,6.108130486249659,4.610408953991467
51.08611460184967,71.42748708545109,35.54999801492689,102.87589875687262
51.086326254807695,71.42750172103365,43.11280426423348,282.7745346054772
51.085986682818415,71.42846808837821,25.531576009979624,102.54096796991442
51.086184810233036,71.42861443414387,34.229607564014096,282.4994623360154
51.08620733800654,71.42962788600565,4.813023895620309,4.670932575592785
51.08593871171125,71.42954646531298,40.92123697577258,103.14451839523957
51.08604536381205,71.42964150884039,36.847718082843215,282.8709670519233
51.08590288179124,71.43052428248176,41.93094384497713,284.00639592796284
51.08612500846995,71.43321609726776,37.577597483641505,196.79773452824642
51.08682681355444,71.40177736771079,35.957376277503464,9.650351804678076
51.08683992041175,71.40167639831198,32.47126555972023,191.84970653271913
51.086692360465115,71.40757431679587,19.430126534984815,9.543397478088833
51.08692887,71.40776966842878,6.6503798544155694,4.483237171
51.08699808016194,71.40925271214574,37.88921094672384,102.5229123824443
51.087039705952385,71.40922019,39.84244192405636,282.3787474412363
51.08684311678082,71.41035404452055,30.86693311924894,103.23115726167906
51.08688090071685,71.41038052724014,36.31907222,283.05818718441367
51.08668348,71.41142801472603,32.83363383600778,102.80966239462258
51.08673222371429,71.41140906171428,31.91136449730199,283.0482821034286
51.086848754310346,71.41257311482758,21.552904313151494,12.489517697377297
51.08665731387755,71.41229496612245,17.538351958495284,102.14261329160445
51.08685992362407,71.41247498,32.67739547280951,192.6030656055231
51.086718153361346,71.41371445042017,36.65845371628926,114.6435742121238
51.086837559908886,71.4133992,37.677065947504076,125.98025293676032
51.08679392995951,71.41374184655871,38.836647439245255,294.79289829255674
51.08698163631124,71.41330855763688,36.74344247526596,307.3108147
51.08658781656977,71.41449872645349,38.345892441158774,288.3960025435863
51.08659956,71.41804990894039,39.83045003068384,66.50321008718412
51.08662015223881,71.41779602512437,36.987505081666136,247.53511051292372
51.086945341651706,71.41895047181329,40.09024859,51.805248824545814
51.08697261286031,71.41878401862527,39.67238593653166,230.8649430388566
51.08670586533066,71.42364971132265,37.00925554,193.54047925756504
51.08684981047836,71.42403928442451,27.027383036541753,8.200603173
51.08662151265622,71.42431603997181,25.137299238103495,76.97967711774228
51.08662917145309,71.42440243721357,31.342646876911306,102.52028502484009
51.087002684665435,71.42385435486867,27.43588543175783,192.11283826746273
51.08675725204461,71.42402271933085,18.95475082285544,256.9616184248848
51.08674042,71.42439166279225,22.46113593575106,282.6631506993178
51.086951704444445,71.42412331259258,20.49623399242277,348.1801319090934
51.08655111063461,71.42508731459152,38.31390195,101.10812976153964
51.08665224333333,71.42546145222222,17.716197027541902,256.9061296038377
51.08662872,71.42526449,34.132789168302295,282.72446795687404
51.08665777114428,71.42563941492537,5.065296940450867,315.4410132658324
51.08659644014598,71.42629826733577,29.433994236912078,282.6158972874734
51.08682501300527,71.42742554,3.8032997175008387,4.058398629043332
51.08687721406926,71.42744072186147,15.550943554656326,193.3363634847289
51.08695026033423,71.42991558854739,6.587398913,7.315426152311021
51.08684746139241,71.43352904588608,46.10047651155306,193.5864780250402
51.08752731,71.40201815645227,43.53139724167949,10.482996042763483
51.08750491744266,71.40189264374891,48.66940394333818,191.37000146207714
51.087794580821914,71.40378784383562,23.661624500030193,283.14905747303254
51.08758072025862,71.40496881,22.655715225393212,104.80737820909525
51.087647387709495,71.40496263715083,34.440029011100286,283.28915925228114
51.08749430460123,71.40605975858897,38.26745509541641,283.75258449350827
51.08734183422983,71.40711098,31.861550126478768,283.9218848403524
51.087495314674015,71.41231449858734,32.744365986488155,143.12154353526347
51.08750686632258,71.41227602593548,31.033626103343064,157.4176411647728
51.08751948,71.41246162744049,32.25009072449563,320.50147323766726
51.087605365017666,71.41975898268551,2.042415292627512,1.5959954609000653
51.08753370628205,71.41987122384616,31.452223864152465,40.35137675845267
51.087589923539234,71.41978782,28.804088570393326,219.47237902292142
51.08758170726495,71.42123603119659,6.361912428427046,4.768401401979039
51.08749870210955,71.42416219278316,30.056335185031312,9.435615946630959
51.08748393093003,71.42397888127172,29.96945897618399,192.4822073591483
51.087558561834165,71.42772334276383,9.348499812898115,8.119462343609321
51.087544577426165,71.42769056,21.73609543502408,193.19979869665679
51.087308377629064,71.42865431,8.970609886028797,104.0476359056857
51.08733320965779,71.42856961718631,13.159974149636549,284.9866343
51.08749922986301,71.43394940164383,18.987498250985162,4.998913765505389
51.08753405438944,71.43378207207921,49.651850024412255,192.53992267381264
51.088137089068674,71.40220255944057,36.39913388101184,10.362531687562077
51.08819887830377,71.40211075487112,51.103015628679024,191.69505672221112
51.088413285041455,71.40233190496146,33.2061275,10.580064296499424
51.08798985538461,71.40280833384615,28.71512123538652,286.6278201195685
51.088224685978076,71.41165813859052,30.70742147529577,161.3073065279286
51.08831000262795,71.41176204899553,26.743171771337337,339.8408083
51.08813405951661,71.42033189667673,35.797915250961175,203.2533718110781
51.08819240234899,71.42176326644295,30.279307351958334,12.465363103337491
51.08820297067307,71.42173336201924,36.23696601858968,192.3425353325012
51.08819608992876,71.42442489304743,36.564004331910446,10.209478250961535
51.08817086201627,71.42421003988181,47.319570789979004,192.40204939224222
51.08821041936248,71.42790278311475,6.657706056,5.122625482939294
51.08821791233177,71.42790305,17.62023803623103,193.42654882488193
51.08821325832727,71.43424606141818,29.903436416370607,13.115902625508093
51.08820268091228,71.43401748368422,53.926871696054555,192.6824505
51.08864975028995,71.40224464295748,46.19420031991597,192.2497884259277
51.08889071242036,71.40246388657106,28.739421154643622,11.547070204780054
51.08895905804924,71.40237838392287,42.87033081733591,192.30834973583515
51.08890153839169,71.41137681986754,20.316879120964945,169.18167267654397
51.08884159702858,71.41154304,26.05660236262457,346.8783172
51.08884199460043,71.42080689438446,34.695718776993914,9.252176388906662
51.088857831680436,71.42073196,42.018096592703984,190.4029820354871
51.088897393103444,71.42201896238245,28.649638384879484,11.12661573988453
51.088882135714286,71.42198192901786,34.027667121028266,191.79870070674852
51.08884688934844,71.42463305202838,43.468774038766604,11.793820518442105
51.088861820065596,71.42444636420885,53.92483103,192.29090094800384
51.08901141575563,71.42519754083601,12.344552704149798,7.5577660584592214
51.088904210740736,71.42640636185186,11.84926579,106.87135798049732
51.08875717740864,71.42741089235881,12.440433833267328,284.9477452532395
51.08886496159236,71.42822167942676,18.485898895519828,8.490113963809472
51.08886427489177,71.42814961341992,33.347151514536534,192.48286476054008
51.08886892142857,71.43425318607143,52.13489486795916,192.2492473297718
51.089521766628856,71.40269216096159,24.73973954402339,10.642560559820389
51.08956667297665,71.40259407729151,30.201923104162486,193.6026680262477
51.08981688181819,71.40832439583976,19.319043846367197,103.34425294052417
51.08970778367213,71.40924391868853,10.639776256292642,77.82195644281263
51.089722754377995,71.40921862164785,20.48762627193412,100.65936906235564
51.08977622217392,71.40924305461539,20.848199904034523,281.67406243682933
51.08965095593074,71.41047374718615,16.28563427159032,82.77898713243027
51.08964210778783,71.41038005,24.712007686871345,95.81208476815786
51.08970601798561,71.41019328884892,31.195877784592287,275.3196716661987
51.08953235964014,71.41132390578831,9.374179703500557,3.0727655681386623
51.089637018832335,71.41114592260479,13.40013566950747,81.61011997493337
51.089596544280774,71.41109428,13.882160182017918,99.91187617494309
51.08951569185628,71.41123156087714,11.292924354753358,136.5201265110977
51.08938635517381,71.41128846577344,15.721038017436483,173.05287249259462
51.089566684311016,71.41128834918065,18.526086801536852,187.55748715660508
51.089431472671826,71.41138578613655,23.251318300868327,353.23399616444726
51.08947080869565,71.42088608862876,24.846185389575876,2.322289990613456
51.08961611468531,71.42081476153847,38.27060255648195,173.6805950290143
51.0896588,71.42093139869564,42.962526099404066,354.10513332797404
51.089552585664336,71.4222415,30.639591636227983,12.549110202835825
51.08956271756757,71.42221460765766,31.396505308363786,191.45429980561894
51.08934018573031,71.42476007962863,44.90004542460727,11.263331829005626
51.089525203221456,71.42466916100474,54.22303935825757,192.36485176008964
51.08959450258019,71.42493997937109,33.13811801880465,10.939497396071522
51.08952626,71.42839756808564,27.172205481769748,9.586696906604631
51.089546711475414,71.42838376346604,38.16597719167175,192.2465871190488
51.08983452336449,71.43417658535826,23.353097126928258,103.60145982080753
51.08959349901857,71.43474477045093,19.879260310800024,8.798873228461945
51.08973580997507,71.43500295261845,38.66861460652724,102.43423545483822
51.08978762334928,71.43509649363637,34.387143501167266,282.4074628425339
51.08959209895013,71.43606888950131,48.83001284303356,102.4116476259856
51.08965582586805,71.43604533067709,48.0650838,282.88630232792354
51.08943912216216,71.43714927675676,52.16707626231391,102.7179658826341
51.089495154562385,71.43715360633146,51.76664,282.53307392853935
51.09016946848586,71.40301325655355,20.561098521033323,6.508698968217585
51.09018515552789,71.40283548,35.158037324553234,192.5549408811623
51.090455848780486,71.40397316716698,24.00101542290098,101.7101793137963
51.09047979795918,71.40404236,26.984036149180675,284.2320828996681
51.090300141536616,71.40501967382953,25.627096623892772,102.3057765813631
51.09035288371212,71.40496961837121,23.194272836212658,284.0644143260521
51.090159854011304,71.40601493728813,21.141175028771173,103.07496898118126
51.09018938976661,71.40608721131059,21.209627397743382,282.94898583741343
51.090005570348836,71.40706565,26.54766563901248,102.60158972287715
51.09004934925925,71.40705445074074,26.640452230919678,282.1803184098456
51.089924215060236,71.40797636,25.819896605699814,102.81889001071508
51.09010942828961,71.40861208089945,17.27796013579221,192.66125140510468
51.08993944513986,71.40801691262237,26.85818223,281.8891898164152
51.090243933550475,71.40889519189533,17.907706095564635,10.028418195953215
51.09041539966745,71.40877922008413,35.120528640269946,193.40170472461102
51.09020249615613,71.41159043174258,24.899443989021393,9.485036995
51.09018129061235,71.41142815153171,31.511935403341237,194.3600006202899
51.090335770048306,71.42064200096618,1.8869511982403429,0.6493493693129749
51.09022142477678,71.42065014598214,30.22665871371755,164.21292053449474
51.09024074768907,71.42078543865546,34.93357214,346.2113599792498
51.090183919302945,71.42242017479893,23.157500854581116,8.651244910963221
51.090229526484016,71.42246804,30.065826996245345,191.62315096190883
51.09023779393954,71.42514850991792,27.218502421514593,11.286969370883403
51.09024261,71.42495099044757,51.54412156873896,192.6184235460757
51.09023198943396,71.42864951091195,16.29677756620541,9.381209017470699
51.09021571424901,71.42862061749011,28.986497530051132,191.48207560580906
51.090480482580645,71.42972308612903,44.23328036954624,102.42593980181478
51.09035048812665,71.43070591,50.33295714495229,102.23999464566141
51.09041313859649,71.43071792763158,50.15209479613239,282.56448209189824
51.090194519783196,71.43179672249323,50.48031338674332,102.40531594646276
51.09026597401869,71.43177685,52.75287336426048,282.55009102617976
51.09003696932271,71.43259140597608,2.159249780024531,0.8255371358075143
51.090043322727276,71.43283521636363,44.34008744724607,102.3699291810011
51.09011405028235,71.43283451705882,52.992354328959536,282.52704075839773
51.08992687288136,71.43376077288136,34.151651035331824,102.36073577425927
51.089969680181824,71.43391964874999,47.71211938068548,282.2512440381034
51.09018898489011,71.43473613,28.445816390658226,192.7247
51.09087682337837,71.40321146660872,49.94800148737328,11.882922684964594
51.09087173070658,71.40308298239597,49.76558625344614,192.8480155572867
51.09084574021244,71.40910465978756,20.515274951361658,8.706347443
51.090882870669105,71.40893308515403,42.54458114780852,192.44634494912955
51.09074632640127,71.41180357595542,26.782414397970122,15.847144863448262
51.090757654010844,71.41174412504066,38.53885326808941,204.03057945404987
51.090930430571994,71.41210785226825,17.444422805909323,11.764680483593272
51.09107947675556,71.41221484377778,39.478290328529816,34.703784135908066
51.09111903014601,71.41207536648237,42.15074702869709,214.10070487853474
51.09086113436807,71.42030090798227,36.87920100273391,159.58646714202916
51.090974559523815,71.420379,41.235764115010454,340.6790588296382
51.09094693016529,71.42274268595041,26.371528058347437,11.255924424586262
51.091179119771866,71.42458355437262,21.19633614416966,105.39618890357977
51.09084637175243,71.42535394052992,20.053146617246657,9.475278388214202
51.090938440616114,71.42548046203791,18.243169466504582,44.43799212837325
51.09107583,71.42528643196513,23.358826467690626,103.37459819442785
51.09088545511871,71.42517750670609,43.19769727872365,192.58149126317775
51.09110549855093,71.42555069173602,20.038674925674183,283.07358621498724
51.090893619999996,71.4253505,18.009533933350166,348.42281853488936
51.09095831,71.42644261,30.886767987946435,101.7835622236446
51.09103755276109,71.42636041735337,19.634924261990783,283.0916621
51.09087066306843,71.42747971322297,2.8016390849084374,3.246629403614485
51.090819897134296,71.42750451570743,30.488236749661066,103.63487430097395
51.090881606044775,71.42746861527364,32.15087175018151,282.8016724676905
51.09082223104762,71.4286872,12.532017511911059,6.126665965667055
51.09067595329873,71.42846015133794,24.451885947702543,102.71724340739496
51.09091895909091,71.42881378,19.669191516562943,192.63297017518067
51.09072737,71.42855528614706,32.04124017071634,282.42118668496823
51.090607454373796,71.42943655512525,28.062273808032064,282.5077108449888
51.09086764225352,71.43498213004695,50.45440867098355,192.79642847074996
51.091359581578615,71.40331150335633,43.654551713470084,9.515605661025166
51.09142883917545,71.40328037409269,53.47758895463356,192.64378001463584
51.091591897267186,71.40347435259797,54.53291997624714,12.523184283945286
51.09173406023144,71.40341621377043,54.62697462780984,192.71335299035144
51.09147943411154,71.40930001232167,17.774675857401835,6.599392961
51.09156172897413,71.40916790244624,41.41282710670554,191.64952081475195
51.091382062192395,71.41263566174497,2.377915293199655,3.7415226071251015
51.09146280580586,71.41269579798534,36.63709170251618,41.39592389107369
51.09151405294058,71.41256662939914,39.30946356599272,222.43605512597495
51.091782953662424,71.41322242,35.15297502288488,45.077252068447564
51.091552214910024,71.41989354,43.97074948073697,161.39217916135036
51.09155789224599,71.42004801550803,47.13119778531194,341.0650896054132
51.091529951449274,71.42308489,18.408088668739392,10.163182677197371
51.091409333792136,71.42336071449438,23.64949198912726,102.60269626812487
51.09154745987842,71.42298547963526,21.933408318269723,193.05450693603976
51.09146142297064,71.42331652122625,25.38386183964009,283.68467394085883
51.09128846860465,71.42416786790697,26.850009945420297,103.79352411515794
51.09133625615251,71.42424529202773,35.74780765982313,282.6680298822886
51.09154886761682,71.42556965070462,32.305798707020905,9.367294408585728
51.09156931725212,71.42542696,29.909755366098715,192.47461431770833
51.091408534272304,71.42526288,32.99297974409286,283.42776527321075
51.09167874310954,71.42625844134275,2.3811600136983357,3.112314124353875
51.09160166008772,71.42737268026316,4.223175851,6.792144604697646
51.09163631277372,71.42874694233576,14.50870265587077,6.377695228781697
51.09147009,71.42901624953561,20.553149791456654,192.6654049009569
51.091678532589285,71.42920564464285,18.251178956601333,12.313978386785479
51.09173282518797,71.42917226466166,17.06203187637055,192.18542716136292
51.09154381022222,71.43520844888889,49.75107713097168,193.1109101129478
51.09224871452005,71.40369724446221,53.22207926065867,12.257353490803075
51.09223992460723,71.40358240817382,52.086322164826164,192.45918885053538
51.09229929207457,71.40963076439971,16.571739488971698,5.8485944122922175
51.092231536292914,71.40940133311169,41.62408404476102,192.29623475261033
51.09210465,71.41372158504673,45.39508612213212,45.075874221371045
51.092186352098416,71.41362084031039,44.734547478372065,224.99474116673454
51.092442500434785,71.41428813,46.54589242192144,43.93300728503206
51.092219844886365,71.41958494289773,44.197002940123895,168.5863840606254
51.09222359972527,71.41973151565934,46.848638526238766,346.87651735987663
51.092262506018514,71.42318554264816,27.671630136035184,11.47437043651732
51.092235884489796,71.42313293306123,34.12887761660909,192.75398965713197
51.09211991437116,71.42579317903505,48.64917595205221,11.777852018096818
51.09220822204335,71.42564636312821,44.06998427476265,192.3163526803843
51.092335040325246,71.42604864357668,29.03727993595199,9.985907555546675
51.09227299828572,71.42937981657143,22.59500315122008,9.922862890227526
51.092217086842105,71.42932024593301,33.27475353690693,192.5954610476956
51.092928955276825,71.40394871756374,46.52260700643393,12.245405294651503
51.09290937176004,71.40382832434285,52.63334052732834,192.49270850939152
51.09291799738625,71.40966172854021,22.464065008525846,6.389571949642166
51.092909131232815,71.4096317,45.062051880123285,192.28959576941133
51.0930006,71.40987329039504,33.421737610249416,11.344686962450364
51.09282760211618,71.41481194,41.78538449387176,39.66886154153721
51.093083166666666,71.41451824343434,25.03315702384082,104.9147893
51.092872729543366,71.41466006,40.81701787931826,218.9097246108789
51.09284174082397,71.41960007940075,47.71573572926504,355.1209804
51.09292876161354,71.42342204193227,29.003658097985753,10.924009397266122
51.09290309409449,71.42337748307087,29.852774283544615,192.5713402251229
51.09276096453533,71.42581219,52.19138749467868,192.3849215134742
51.09292983,71.42619970018067,40.999202357544036,10.91736263465456
51.093015112494655,71.42596930373107,53.77183201802697,191.9724122
51.09293738059361,71.42960616,19.297362899326803,11.939581828074871
51.09291332964225,71.42956292197616,21.233907384613897,192.3404768807437
51.09290115142857,71.43570502761905,49.94760559745832,191.1853211613307
51.09356169405039,71.40417420625039,40.26892768011576,11.678193980825704
51.09359498534716,71.40407365220453,47.09155081768928,192.31997752592102
51.09381204976526,71.40934212652583,25.399469490273948,103.37201014751983
51.09354700876865,71.41005716044776,21.998034788202617,10.963893682534378
51.09368387171315,71.41028896653386,33.324151450663564,102.46174195938742
51.09364574902808,71.40991843196544,35.37280205759222,192.30087594869826
51.09353858595041,71.41139016404958,43.58877775,102.23493087203629
51.09338831931818,71.41247239810605,44.06255417927462,102.55400134417332
51.09361595230604,71.41562382036638,48.21887531524096,24.51432144523378
51.09361424706482,71.415417,46.699725859108405,203.98463257601458
51.09368289705883,71.41976408137255,25.83967847863468,5.539003029644629
51.0937389,71.42008618,25.17166668087334,103.15949272114806
51.09367930655738,71.41956491530054,36.852820242491426,189.37639433840363
51.09379995982659,71.42011213786127,22.830210861283472,283.88438198527865
51.09366623,71.42100769463815,25.05408183,104.47480051884482
51.09371470269231,71.42099902882867,19.020831039394526,283.4989463658371
51.09354033666667,71.42206694942857,2.5470683243468355,3.424179864282998
51.093478380390245,71.42213732887805,29.577856160992983,103.6852831
51.093498467688306,71.42213101023377,30.824902592064614,283.83443572195415
51.09348033444445,71.42335972,21.825182936204335,8.817663869800855
51.09335860395257,71.42304532766798,24.944532457129952,284.36035680441444
51.09358558762759,71.42641051,41.05547543044988,10.912304334352632
51.09358801296401,71.42614429323338,54.06935278150156,192.47795576098312
51.093560772247706,71.42984063142202,20.230118009358105,9.162718095535357
51.09357821580247,71.42979829555556,34.47423916,192.64339128396296
51.09365151,71.43609938842106,21.55481872998539,10.232052856974448
51.09354615492958,71.43591584647888,39.70067967,191.0663872963975
51.0941021,71.40435364536769,48.842608855502945,11.80993031735881
51.09423512821332,71.40429350283011,47.67949875016872,192.15351585481895
51.09435225473077,71.40450331876022,42.24451214833494,12.26709103623985
51.094330580297395,71.40607869,33.86604201928521,102.32028584477608
51.094452117517406,71.40742229176335,3.661577725322969,10.568542961531772
51.09421769173553,71.40711849972452,27.614151165637054,102.70708512081968
51.09428120042919,71.40750826437768,14.350969442671426,192.31319359131027
51.09429411389728,71.40709921389728,19.978775750333153,285.51594082213234
51.094058118069306,71.4081444,26.952864809618635,102.72759153344805
51.09411378591549,71.40814078028168,29.551370939176902,282.5294653134538
51.09425478906731,71.41019366781912,26.81936084,7.898923413794923
51.094228486161505,71.41010447872787,27.91927408634543,192.84430275842425
51.09426551517857,71.41598663555358,44.46049566753038,15.373143527289853
51.094259410770505,71.41579739127889,46.76470528262003,195.69504849372277
51.09428526732187,71.41996411638002,21.851403836199143,7.7332199368593875
51.09424247945619,71.41977990166163,36.79914745891043,191.91810489950146
51.09432212763158,71.42170053552631,6.175648441994555,8.105977588778314
51.094252607407405,71.42392748465609,18.374728187825543,7.210963156263502
51.09428801054542,71.42660061648048,33.11946518273718,11.48215996
51.09426177976404,71.42638240616562,50.39355552649184,192.19626680604753
51.09407789834711,71.42765319421488,3.234386038651618,3.279781102175428
51.094255730633805,71.42999779788732,16.76228398199067,9.593096696848367
51.09425009399586,71.42998505962734,30.640894659697896,192.8605983579088
51.094564011667636,71.43318451674675,50.87837504,102.97012920379875
51.09447488210398,71.43393487774382,48.862658032399736,102.55429005581341
51.09455285,71.43419072321792,51.47400185870585,282.46368715477774
51.094319875103736,71.43514923070539,12.836522599991943,3.4570160264513983
51.09431679,71.43503187366453,36.40640852919359,103.02594694436922
51.09445523202498,71.43501094915254,49.24784908231805,282.41320609557806
51.09415227565218,71.43596268891304,10.145693595156713,4.403427267183484
51.094190395643835,71.43593203358573,36.91882053538656,102.59876147152143
51.09431570924919,71.43596379727965,41.452545963069994,282.60886628052197
51.09492940129232,71.40466378,52.11499449326924,12.440089121797195
51.094949331341226,71.40455143757312,53.523404930247835,192.26798435686473
51.09505665776892,71.40582451155377,4.754733806802883,4.992639705451328
51.09491205774947,71.40787627664542,13.06841130877673,9.584513383716176
51.094967704109585,71.40781774611872,19.187761559357916,193.06103281514393
51.09498597873737,71.41045703247238,24.306763869990306,8.994025962732279
51.09493371138719,71.41034511705793,39.62817852351768,192.4026485457336
51.09497353925234,71.41386861495327,11.171654605411254,6.155224867546621
51.094749221021274,71.41609592,39.74240820485892,11.70485174795443
51.094926733545755,71.41605003597373,42.22381204191007,192.74617047878687
51.095045660114614,71.41630947011461,44.45895719890236,12.904398903237558
51.09492326,71.42019382248063,31.51386198596976,9.844264458844833
51.09491906877394,71.42001451915709,42.94083105083941,192.7190244225422
51.09494116085409,71.42188846,5.548526684967697,7.361051191944814
51.09491442046784,71.42406159454191,13.401683718010817,6.058312150417239
51.094933673601695,71.42679285866147,16.789248052994584,9.295125569
51.09500128057143,71.42650954828572,29.878571600530766,170.31991942064954
51.09492272614881,71.42659051492609,47.00480166625549,191.61573092684995
51.09498509078947,71.42677476359648,16.36536564252753,349.0434269264512
51.095009963147554,71.42716041497356,13.881429763051209,9.075067305
51.09504888255319,71.42863785191489,7.3293938,3.5784645227898118
51.095187308076866,71.42868547847239,33.98698916890132,102.28870797977577
51.095041772342704,71.4297157,4.915512896796594,3.3247561003324844
51.095068950854596,71.42961779278654,26.965329751102313,102.59477873848655
51.095158067616964,71.42970941447368,37.14356565352398,282.5298860758286
51.09497394355156,71.43067096141571,9.502375595788207,5.090470326810801
51.09492517,71.43069763315981,44.76145593071109,102.62469020324477
51.09492913867925,71.43032015235849,24.79968484026682,191.80885056852716
51.095052880536294,71.43078235177992,26.187428614354488,282.7462824791899
51.094907567088605,71.43160335063291,8.943805762598378,3.3145137366639177
51.09477620074819,71.43177014569395,50.30615083987429,102.506346
51.094923439548026,71.43170936463277,33.460837832358784,282.8274691021012
51.09465741,71.43273105079142,52.37235869202468,102.36415292963416
51.09476833842364,71.43284811789819,47.548084140032095,282.6933281002175
51.09464400800604,71.43375224833837,49.366060024350254,282.74658255020194
51.09560212014499,71.40490103174285,51.72272470054299,12.245658398756191
51.09560003094264,71.40477442448719,57.10842839020762,192.09038551867707
51.095611571157896,71.40807480863158,10.046901386688061,6.598454279
51.095598051485155,71.40802331,18.804579802639875,191.57206961837028
51.09550129441846,71.41035566902278,8.480284363569526,4.335245277581209
51.095404014780875,71.41020522000001,4.6544285201787226,47.962828714490705
51.09536103067227,71.41014091262606,3.9449424264382453,77.85876996211378
51.09543083728205,71.41015460923077,6.430654689965497,101.14726402253142
51.09557530728155,71.41034188932039,3.8862907710018253,137.13017107933737
51.095643513199285,71.41057879265415,25.13858507719618,192.78766191995203
51.09540911404255,71.41009890425532,3.5812375507082916,227.61952024303147
51.09534702295598,71.41005373731656,3.431125215587202,258.05773956617554
51.09540176089613,71.41010119327903,5.170674130265696,280.63214676073954
51.0956096,71.41649004307835,44.75506676282425,12.342573583915614
51.09566859103253,71.41632805538809,46.68437426141219,192.54772551380935
51.09564238,71.42037559745116,22.05889002443502,9.613042877251669
51.095602119675455,71.42019302413793,46.57372640121396,192.69799040879383
51.095609469938644,71.42066510920245,7.0729860284076596,5.601804386522849
51.095842242750926,71.42350246431228,1.822726892978478,0.9875485794516731
51.09583719241193,71.42348881409214,40.238061638445785,102.74618857280701
51.09565953964195,71.42434582915601,15.393999548332092,8.081142436806761
51.09582497178076,71.42431919223266,37.756374321215624,102.6120945722326
51.09587173465909,71.42455743494318,44.420921519923574,283.0995020201101
51.095685609578545,71.42545405,4.060938193878744,1.9625404299752258
51.095661471293376,71.42523996719243,17.28805309507776,81.40985216231728
51.09568460718534,71.4253762,28.50360197827904,102.87478115995998
51.09582646475354,71.42536283274814,45.63316182326507,282.1771440910945
51.09557017991247,71.42651659219912,6.708076309260036,2.9010730993618314
51.09555953618421,71.42654232039473,19.073281783162162,78.01483992
51.095555495372665,71.42635144151863,25.306381942900487,103.04453379847705
51.09549154178273,71.42637217688022,22.92416546226269,133.85703678768996
51.095567968281934,71.42658967180617,18.893515780950235,165.88725523142645
51.095615778160756,71.4268042,34.631942884580894,192.85244278667952
51.09572056,71.42659481232877,21.510885256167647,227.33889758097476
51.095740667346945,71.42639908804665,28.453933761167505,256.2782960730325
51.09566475145081,71.42642640474169,39.98910548787612,282.71717946479316
51.09561115749465,71.42726770208868,22.25595417997397,7.394502267890668
51.09539685,71.42748087804401,40.670762973736245,102.47765692951707
51.09578031152115,71.42708311185623,22.653910678708215,193.04862968278312
51.095512690492505,71.42757961614561,24.248869658069673,283.8274217786832
51.09566492697201,71.42742491195928,21.39636746496114,313.21813453562777
51.0957331,71.42731719023438,22.11761477,345.61498920547007
51.09538469090909,71.42845757441077,4.374699617350158,1.6210715279600971
51.09530236,71.42826963940945,40.69266006935107,102.26981135534024
51.09537876676829,71.42851369,31.914479066646013,283.14039509935185
51.09529534244186,71.42929081569767,38.43650942330533,283.47152410647084
51.095561766433825,71.43054630138481,21.248251275219463,8.172502781967662
51.09558074968474,71.43051188234553,21.78276709249084,193.45012229303208
51.09579575748793,71.43394113864734,12.926238181283784,104.12845693595126
51.096290592025575,71.40515059946742,45.61127292,12.052649759355369
51.096278279655145,71.40500935044965,58.89566964942775,192.20499149300412
51.09620370896637,71.40824596625156,3.458055523655429,2.6632116814243645
51.09628351581395,71.40827023069768,13.89269028379298,192.98608576277869
51.09641695579399,71.41034331931331,15.354584231472753,104.19558380642216
51.09618562968162,71.41066594340086,28.063431773981353,192.3639990281757
51.09629555032159,71.41105190788667,37.421248895975914,11.539529454650655
51.096434328803674,71.41092067582822,39.87293168352187,191.8300265833932
51.09624603850129,71.41433856899225,8.230814056910551,4.7262274533889554
51.096317718344096,71.41667969104522,15.891291509241828,7.564291842765171
51.09628223504993,71.41654642568663,40.912331,192.63656629321403
51.096566406331355,71.41918313431952,2.813037727806374,1.3671032877446967
51.09656652483444,71.41912449194812,26.876698529257474,102.71170298699967
51.09634514993252,71.42008411140351,5.2931402335459845,3.30054371
51.09645959178312,71.41992523,26.928886078985183,102.63110283220144
51.096250436798336,71.42032644324324,35.826095906139926,191.9360333652637
51.09655052116858,71.42012121494253,40.44666765262916,282.3786345708083
51.09631619816116,71.42092146360194,9.754204296174851,5.099974269874638
51.09629625039293,71.42105261819745,43.03154832998866,103.22071337540665
51.09640542095238,71.42106084,17.676919959190343,258.6449362186009
51.096425384159936,71.42113393502498,24.75228770079341,282.81893238240207
51.09627050199275,71.42205058,5.427753728222527,1.8778280069832216
51.09614601,71.42212658033145,48.27996526300494,102.78692443821267
51.09629097960219,71.42208578572543,26.767005327994724,282.6105907
51.09611108738318,71.42312872009346,11.87217066783884,3.391151493999016
51.09601288169672,71.42314556677354,48.207110205522014,102.51660331746535
51.09613879213548,71.42317596211251,38.82881077936159,282.7357994249352
51.09600483743219,71.42417428896927,45.98184086051542,282.4803727529752
51.096039740500004,71.42689999,24.965823105841743,195.16546396908416
51.09625847,71.42725697,37.726110458296446,9.898087542395956
51.096272711971324,71.42710317,29.637797733599832,192.83212958526025
51.09627373263606,71.43082693880952,32.40563101,12.033934941463665
51.09627661102804,71.43079159738318,30.679615137882113,192.78447237200174
51.096179760000005,71.43284002115385,16.11832561674942,103.7803059892577
51.09631554,71.43366391773701,3.6619556298948974,4.924957989922544
51.09695277009913,71.40537646676316,30.131327426594687,11.042692915071733
51.09695593099787,71.40524483808287,57.18181973971237,192.2392668343689
51.097136713250244,71.40571588955382,23.93105207917892,10.634857217209403
51.09696360022936,71.40843754678899,5.186653014,5.210247843042657
51.09700205753867,71.41126569,20.420252879501017,8.793915626605559
51.09691434903846,71.41100610432692,15.745554342127232,165.3432520566889
51.096949422693264,71.41107407512469,39.22498447406574,191.88801138915593
51.096910655128205,71.41461125555556,16.56313044021249,8.049328483709283
51.09719189608751,71.41467289850983,48.36069671953693,102.6401203
51.09706024803921,71.41583883627452,12.46143237,4.543461702914259
51.09705599350378,71.41572536179636,36.73682195431851,102.42494736377901
51.097189217199656,71.41573364866032,47.826875991727505,282.92471
51.09690201965843,71.41683545768169,11.086458608110886,6.2959491892810515
51.09691768163904,71.41673017838399,35.979939418923614,102.4153573912042
51.09697759814104,71.41680425662862,23.29205900899131,193.28862239145732
51.097037592955225,71.41681844262686,34.54231054829134,282.44226924306196
51.096893725282165,71.41769331264108,3.5504076076620024,1.5059606549190736
51.09675791757285,71.41784808690299,38.71193247266272,102.5659447005993
51.09689642800867,71.41779966086014,25.495948658235942,282.96711036088544
51.09669499345794,71.41875413691588,7.778384972621147,2.831890173539728
51.09665345403315,71.41868813191792,31.64768235843072,102.42657832006091
51.096747255951115,71.41887088,37.37131202043617,282.51300192759726
51.09664986025641,71.41971411794871,42.37470249050545,283.04621975539135
51.09696086,71.42079665740899,23.54977629295686,7.818244495308849
51.09697502469326,71.42070644731595,22.262443709640472,192.72801155504072
51.09694317995097,71.42750930080919,47.84719158329812,11.388270132417215
51.096935440882696,71.42734191224574,40.42157813722169,192.78915175382664
51.096973792948724,71.43106215160256,27.48121530473828,11.034638606171956
51.09694779891304,71.43102535362318,31.71732505241331,192.45362545613287
51.09740538045065,71.40547029,21.06423185,9.703804688095586
51.097502718314246,71.40542539640688,53.06467201472772,192.16870718601692
51.09766313,71.40565860725795,17.72673651682633,9.665510959819489
51.097789514440144,71.40558507379005,47.41860256647084,191.62557344506013
51.09787884328036,71.40950767,39.80989568088625,102.61346948365428
51.097755035737705,71.41041843475409,8.092055757797823,2.9325041565470875
51.09781622433153,71.41035024925038,34.35682131377027,102.80052475131778
51.097907025830814,71.41055092703927,42.55786783956061,282.3138663239365
51.09757595087513,71.41142688401908,9.881460281414562,6.439829753379778
51.09768092065443,71.41132205505205,36.814000936271796,103.00647176205698
51.09761421382895,71.41132767386841,27.20853882878072,192.21682095742023
51.097796986041665,71.41145213464286,32.39478396083184,282.5224080230871
51.09767890048387,71.41229436,5.373679577917378,2.0765006478217876
51.09751882414135,71.41246032197148,49.60491818945246,102.71473932032221
51.09766584513235,71.41240999223868,28.00705790291524,282.74878102039713
51.097391468750004,71.41334131517857,10.473499857945239,3.7020612527766015
51.09737260906897,71.41350978413104,51.92057483342889,102.44848925953158
51.09750996168929,71.41351651,44.44250902751382,282.6273620355658
51.09736609922929,71.41457031714836,50.68521389776499,282.6376165503585
51.09751818511905,71.41708857275793,25.365742160587548,6.462685407326407
51.09757295534527,71.41701026730658,23.63423841172524,194.00407460183268
51.09765131493306,71.42110863027806,29.844597534384146,10.589499926406532
51.097599759411764,71.42093987011765,35.31375955801442,192.68978230154752
51.09762033088443,71.42774589610465,51.28012425350648,11.965450995372331
51.09761461,71.42758773,48.86481233038341,192.43029237399475
51.09746176027397,71.43118767031963,26.911641280119856,192.71897188128082
51.09772723010753,71.43135746,21.12637002839836,8.946416508616487
51.09771902827586,71.43133949931034,27.003176113463898,192.34209091864048
51.098562436375154,71.40510747135615,1.8498480455211885,0.8391035758391083
51.09856858991616,71.40504442734071,19.641240885138657,102.9778656414814
51.09825905,71.40589795822946,13.463712039909812,7.299745817396907
51.09836018490566,71.40592767924528,16.65271588487495,43.72745607591555
51.09840068,71.40596453,18.747482261621524,76.14605446
51.09843113626817,71.40602686428036,32.14332901730859,102.6226606691623
51.09831335594684,71.40577209179402,23.583824321269024,165.8885384143175
51.098313446238706,71.40575365236337,40.636710596324264,192.5861675343572
51.098532552525036,71.40613855945178,25.27141625748492,282.5389240304547
51.09838793690299,71.40586477283583,19.386444478295505,347.84962035680843
51.09843128973014,71.40702669977512,1.972570800896119,0.8748067099931323
51.098283723388604,71.40708884,44.46462543022829,103.01625844249133
51.0984262,71.40708394387998,20.841865342001185,282.6059904
51.098225464200794,71.40815073,2.7453957747812123,1.321905669428943
51.09812914137815,71.40817903782633,48.70692304,102.65526384013893
51.098271393482364,71.40815142,28.757412454242747,282.31475028165136
51.098123226829266,71.40920387042684,5.213524561,1.8862902143067433
51.09801452069343,71.40909022811131,49.025847351390354,102.59744598686773
51.09812257901973,71.40922551763845,36.23137930481788,282.48149431032436
51.09800771289894,71.41013619135639,40.78094890672801,282.7079104437294
51.09823646,71.4116451,22.811419625725968,7.339073110673768
51.09825148,71.41155317,20.55867841127061,192.45784045081632
51.098163696616794,71.41723244548787,35.39859932886499,193.48510628169524
51.09834148689769,71.41743470257425,42.645272453028554,11.032915884878443
51.09841554898792,71.41736782150164,38.22313854867258,191.70323729112744
51.09828563529412,71.42132127095023,26.243508160004527,10.563918679992993
51.098326173986486,71.42120013,33.47920523488493,192.27080674105918
51.098208095382795,71.42793565921409,51.39281962553618,12.18110977874044
51.09829215822827,71.42783160124688,50.96583662103701,192.41123887097055
51.098487487348834,71.42808529600845,45.78440903,12.157498059528004
51.09831171685314,71.43155416,25.418914541770057,10.958433522663105
51.09829031115044,71.43152780442477,31.37924592341404,192.60879374286532
51.09901122339663,71.40198313066456,42.54897001135808,102.5222787832313
51.09913440956237,71.40206798956237,54.19291901935994,282.57322382668434
51.09888679640884,71.40288555662984,6.225121822401474,1.9603568174557913
51.09889196972934,71.40284248358628,35.290338515256764,102.53894669925012
51.09903107310017,71.40281607431778,56.27010899469258,282.5864914893127
51.09875618398486,71.40391929306432,3.0871299076530683,1.3192632777844489
51.098741396497964,71.40391140636129,26.182640470717175,102.59442635061423
51.098875905313264,71.40392423826688,52.44588107863501,283.17918965607913
51.09867067912087,71.40469896,3.396241800339687,1.7207928085413575
51.09866787827189,71.40465284489632,20.735622109796022,102.7383933301008
51.09875913692946,71.40515591825726,28.777607984856868,258.11352243752646
51.098739184417624,71.40493920714545,43.69808644316788,282.89466198434855
51.09895950220921,71.40605936916705,20.37977236771861,7.973307632003162
51.09889717511521,71.40594349354838,17.698454239568658,166.06310266167958
51.09898934,71.40597848697396,25.860291298279915,192.84803601418932
51.098949822950814,71.40580059114755,24.165024508027166,222.79804113387638
51.09874205181818,71.40577612272727,31.86966305819066,283.6695429942569
51.09882706388889,71.41188396805556,34.98543346474927,10.87559972421776
51.09894783882609,71.41180585691305,35.53367310711723,192.03119524897596
51.09909977640449,71.41204976324238,25.082108495708006,9.459847104414157
51.0989353,71.41762642111959,35.14019387324745,10.437270530177138
51.09897248944323,71.41754685799593,39.35588898,192.15430173527318
51.09882703244898,71.42151385081632,35.940712001416834,10.367742063491526
51.098945363333335,71.42139772493827,39.441188155764586,192.55324443738823
51.09908705852255,71.42171096833592,21.948630592390504,7.084773341525392
51.09878241645299,71.42797668867522,48.52924417113088,192.5654656005949
51.09899897277766,71.42824473157626,38.11451435,12.03897694329589
51.09905457956649,71.42812223930027,49.84266024577587,192.60068847125345
51.09964552419698,71.40630667895432,26.30668907970647,10.301198818843286
51.09962618769127,71.40620778363565,36.58839546495849,193.14571327113137
51.09960893696335,71.4121971,21.809918523466106,10.234871335314892
51.09969722602767,71.41208746,29.99567550500789,192.52301366753022
51.09961541405941,71.41782293425743,27.625798561414133,7.338636297511886
51.099630408917044,71.41777666585746,37.39708152,192.53907490040277
51.09967008026713,71.42183739994194,36.87046198645643,11.53376389959248
51.099712121372555,71.42171097568628,44.42487948569386,192.68083178888148
51.09994779239401,71.42782648685785,2.3704496414444436,1.780779275245363
51.09994898172489,71.42779760209606,16.800155584277185,104.27106402443471
51.09965075691395,71.42848806640417,22.808589646173697,9.165172667810292
51.09972931,71.42858277,18.253184128131327,43.04379285711944
51.099773478066915,71.42860461375466,18.273994686604002,77.01819809606195
51.09983856200208,71.42851032701245,24.446065449356706,102.29773140160688
51.099655398142616,71.42833163,40.25323231304944,193.0432011018022
51.09987111147705,71.42874109271456,19.754099134446232,283.3161092629962
51.099701741666664,71.42849317,18.601056328085356,346.3931972092567
51.099775302837834,71.42950055810812,1.9910749060040185,0.8072616890204606
51.09971032204301,71.42959664524732,35.18973184306474,101.02297872922178
51.09980899378655,71.42948213676901,19.85459395768402,284.4285009040491
51.100188970027766,71.40649149462415,25.85235407649731,10.773667996960464
51.10029019265942,71.40644926449349,34.88152746567393,193.04240090555155
51.100491919019184,71.40663615836075,33.82012733954544,12.57618033337307
51.10056952859302,71.40661183266467,30.490640528519684,193.04768958963226
51.10030229150466,71.41244291984022,28.066983851962362,9.292614121283062
51.10032665056726,71.41231598142625,33.07475200011723,192.87604771607087
51.100353670299725,71.41814343106266,39.667109646498616,13.32484389836821
51.10033241109178,71.41802041871554,36.970926548957806,190.8312985945669
51.10034485209935,71.42207059455943,19.292701664290426,10.217292877427813
51.10032112510288,71.42190779972564,40.63631519976331,193.08718533511586
51.10060437810502,71.42338823842465,42.69289942209666,102.3132314723584
51.100627985882355,71.42354774509803,27.46334784138996,282.86128082043035
51.10055936641222,71.42416582773537,2.195662816290624,1.3874743036807307
51.100492009794756,71.42430147714937,35.47579312924099,102.74537995497398
51.10055387274678,71.42425685236051,30.667837626377352,283.0215216575006
51.100346727714566,71.42535736073853,28.16914410762268,102.94726944548741
51.10039368,71.42530909202257,34.63691916890767,282.5413939415565
51.100179534888156,71.42644026863297,21.935343971806905,103.0767417732375
51.10023790559441,71.42641097097902,38.66793728620125,282.2299239522158
51.10005083173371,71.42739265081418,17.028221405251955,102.95512758375864
51.10008831540785,71.42749591,38.33074927303782,281.18722905441405
51.10017547989248,71.42861511774456,23.163383215826236,7.091109457591533
51.100198147961684,71.42851886178505,24.818155349040396,193.6704413830412
51.100133255677655,71.42839850219781,16.007435722273588,223.46948940338314
51.100087161386135,71.4282731,17.817723438475124,254.39386087950575
51.10004489475655,71.4283902,26.838667025499284,283.98552395553816
51.10013649266055,71.42869684449542,16.505411506467937,345.44627043594414
51.10096720226417,71.40681646,37.298066813749564,11.230468549459346
51.100979839709616,71.40671080175018,34.33003895145685,192.3536900784379
51.10098443,71.41271287450134,31.736757780281334,11.206143113396942
51.10097118259887,71.41255976621468,34.00005215843142,192.27956731386996
51.10128580871212,71.41670098787878,3.4771575945308153,1.5292953020493634
51.10126729,71.41691580092105,37.27265955284422,102.95422180126015
51.10100646289473,71.41805033013158,7.314866364,4.615118934020125
51.10114193140515,71.41780875919203,25.45128716666892,102.91075607293911
51.10086740753217,71.41815062342944,28.309103230677852,192.1812632128532
51.101228283105925,71.41788938,44.25765559279573,281.68254115125967
51.10104223896714,71.41877444342722,9.040852561963463,5.689454455796476
51.101028957292996,71.41890294680466,39.55701224107638,98.77520402651614
51.101122190844684,71.41894802,29.597716307787913,278.8772729
51.10094586661984,71.41999478244952,38.10426012205307,97.16969264
51.10104165675895,71.41994237318602,42.659118055124395,277.49924813113347
51.10087897980295,71.42117185985222,2.902327156262961,1.2488300867957771
51.10086843143406,71.42108357820102,27.217724125690893,96.86077843458996
51.10095965377062,71.42105306401604,45.97864533444784,277.35664150669953
51.101032551773834,71.42223286723947,21.26385119655035,8.251841113077539
51.10093681744681,71.42221293446809,23.699775938308928,43.80944027596519
51.10086329641434,71.42205956972111,22.701150866143774,76.10102145353207
51.10080789571721,71.42204581557378,29.605939307605542,99.23635385737516
51.101076132149146,71.42215562,21.83317806320922,193.0127723698874
51.100872340913924,71.42218620042509,33.45114680587732,282.41366317963485
51.10068966,71.42292181788194,40.59897362313932,102.04983383208383
51.10073354174465,71.42313052627674,22.491321641213883,283.75465020786083
51.101963115280896,71.41176892378277,37.97640465159301,104.72453546138426
51.10162958921024,71.41278088353727,15.084478687613391,8.340872938066305
51.10188124681169,71.41245111135282,27.801521097267404,103.96351894512266
51.10156970430341,71.41271562674922,29.147623271462486,192.47122715304047
51.10194082562003,71.41269349092887,37.110420872991035,282.5721114842127
51.10176674347472,71.41346961856372,6.157566746,4.8108647780094715
51.101735119900496,71.41343080099503,17.964752122200156,78.09114769273837
51.10174170831439,71.41356336794507,38.02769940727303,101.38274635636554
51.101836591776745,71.41354017569559,25.974139756216076,282.2372510596139
51.10159570442762,71.41463067460737,43.58481427688246,102.37274783843971
51.101695363681934,71.41458012207906,42.826442784699104,282.4371952783315
51.10144857896926,71.41569826990055,42.97281333435927,102.38125453903228
51.10154391524099,71.41567994967482,52.245848151086165,282.4084988515423
51.101359214854114,71.41648105782492,42.67114177248179,102.17067273688217
51.10140612,71.41672534,53.58246567113379,282.1586177522137
51.10163480566488,71.42251673,30.713787390650353,9.884817874691228
51.101627048222134,71.42233942867475,30.380133224860813,193.62294366730669
51.101812985536164,71.42269844314214,9.797446107699518,3.920226632058093
51.10216636,71.41063322378015,44.44739582223004,102.40133164377448
51.1022142,71.41073108605768,33.921323594054215,282.6053016862789
51.102076564632085,71.41132127063932,42.271765765572205,102.94381677306835
51.10215257382351,71.41138053689298,40.01630459669748,282.68527532018265
51.10204917562278,71.41226483967972,40.752360410110086,282.63291722305155
51.10209374,71.42249576976114,42.01335317168668,192.44674048424054
51.1020768,71.42271434,38.71454570393069,12.451655112377372
